{"tau_m": 0.005907, "R": 499804534.0, "V_rest": -0.065, "V_reset": -0.05, "V_rh": -0.05, "delta_T": 0.001859084, "a": -1.526476e-09, "tau_w": 0.096816236, "b": 4.48993357e-10, "V_init": -0.07, "w_init": 0.0, "V_thres": -0.035, "V_postreset": 0.04}