{"V_th": -0.027730751863400155, "V_reset": -0.055, "tau_m": 0.05068759928445856, "g_L": 1.3730479038265261e-08, "V_init": -0.065, "E_L": -0.065, "tref": 0.002, "V_fire": 0.04}