{"V_th": -0.02781804962307655, "V_reset": -0.055, "tau_m": 0.05022300650602723, "g_L": 1.3643181278588867e-08, "V_init": -0.065, "E_L": -0.065, "tref": 0.002, "V_fire": 0.04}