{"V_th": -0.026946395976432058, "V_reset": -0.055, "tau_m": 0.04977401464400471, "g_L": 1.3695816051089308e-08, "V_init": -0.065, "E_L": -0.065, "tref": 0.002, "V_fire": 0.04}